{"IU": {
  "IU": 1
  },
"µg": {
  "kg": 1000000000,
  "hg": 100000000,
  "g": 1000000,
  "cg": 10000,
  "mg": 1000,
  "µg": 1
  },
"mg": {
  "kg": 1000000,
  "hg": 100000,
  "g": 1000,
  "cg": 10,
  "mg": 1,
  "µg": 0.001
  },
"cg": {
  "kg": 100000,
  "hg": 10000,
  "g": 100,
  "cg": 1,
  "mg": 0.1,
  "µg": 0.0001
  },
"g": {
  "kg": 1000,
  "hg": 100,
  "g": 1,
  "cg": 0.01,
  "mg": 0.001,
  "µg": 0.000001
  },
"hg": {
  "kg": 10,
  "hg": 1,
  "g": 0.01,
  "cg": 0.0001,
  "mg": 0.00001,
  "µg": 0.00000001
  },
"kg": {
  "kg": 1,
  "hg": 0.1,
  "g": 0.001,
  "cg": 0.00001,
  "mg": 0.000001,
  "µg": 0.000000001
  },
"kJ": {
  "kJ": 1,
  "kcal": 4.184
  },
"kcal": {
  "kcal": 1,
  "kJ": 0.239006
  }
}